<?xml version="1.0" encoding="UTF-8"?>
<OpenSearchDescription xmlns="http://a9.com/-/spec/opensearch/1.1/" xmlns:moz="http://www.mozilla.org/2006/browser/search/">
  <ShortName>alg.cubing.net</ShortName>
  <Description>View an alg at alg.cubing.net</Description>
  <Tags>rubik alg view animation cube cubing speedsolving speedcubing reconstruction algorithm</Tags>
  <Contact>web@garron.net</Contact>
  <Url type="text/html" template="https://alg.cubing.net/?alg={searchTerms}"/>
</OpenSearchDescription>
